run_id,instance_id,part_id,reason,source_stage
D0,LV8_00035_28db__0021,LV8_00035_28db,STOCK_EXHAUSTED_PARTIAL,stock_capacity
D0,LV8_00035_28db__0026,LV8_00035_28db,STOCK_EXHAUSTED_PARTIAL,stock_capacity
D0,LV8_00057_20db__0003,LV8_00057_20db,STOCK_EXHAUSTED_PARTIAL,stock_capacity
D0,LV8_01170_10db__0002,LV8_01170_10db,STOCK_EXHAUSTED_PARTIAL,stock_capacity
D0,LV8_01170_10db__0004,LV8_01170_10db,STOCK_EXHAUSTED_PARTIAL,stock_capacity
D0,LV8_01170_10db__0005,LV8_01170_10db,STOCK_EXHAUSTED_PARTIAL,stock_capacity
D0,LV8_01170_10db__0008,LV8_01170_10db,STOCK_EXHAUSTED_PARTIAL,stock_capacity
D0,LV8_02048_20db__0007,LV8_02048_20db,STOCK_EXHAUSTED_PARTIAL,stock_capacity
D0,LV8_02049_50db__0010,LV8_02049_50db,STOCK_EXHAUSTED_PARTIAL,stock_capacity
D0,LV8_02049_50db__0047,LV8_02049_50db,STOCK_EXHAUSTED_PARTIAL,stock_capacity
D0,Lv8_07919_16db__0012,Lv8_07919_16db,STOCK_EXHAUSTED_PARTIAL,stock_capacity
D0,Lv8_07920_50db__0006,Lv8_07920_50db,STOCK_EXHAUSTED_PARTIAL,stock_capacity
D0,Lv8_07920_50db__0009,Lv8_07920_50db,STOCK_EXHAUSTED_PARTIAL,stock_capacity
D0,Lv8_07920_50db__0011,Lv8_07920_50db,STOCK_EXHAUSTED_PARTIAL,stock_capacity
D0,Lv8_07921_50db__0003,Lv8_07921_50db,STOCK_EXHAUSTED_PARTIAL,stock_capacity
D0,Lv8_07921_50db__0004,Lv8_07921_50db,STOCK_EXHAUSTED_PARTIAL,stock_capacity
D0,Lv8_07921_50db__0005,Lv8_07921_50db,STOCK_EXHAUSTED_PARTIAL,stock_capacity
D0,Lv8_07921_50db__0006,Lv8_07921_50db,STOCK_EXHAUSTED_PARTIAL,stock_capacity
D0,Lv8_07921_50db__0008,Lv8_07921_50db,STOCK_EXHAUSTED_PARTIAL,stock_capacity
D0,Lv8_07921_50db__0009,Lv8_07921_50db,STOCK_EXHAUSTED_PARTIAL,stock_capacity
D0,Lv8_07921_50db__0010,Lv8_07921_50db,STOCK_EXHAUSTED_PARTIAL,stock_capacity
D0,Lv8_07921_50db__0011,Lv8_07921_50db,STOCK_EXHAUSTED_PARTIAL,stock_capacity
D0,Lv8_07921_50db__0012,Lv8_07921_50db,STOCK_EXHAUSTED_PARTIAL,stock_capacity
D0,Lv8_07921_50db__0013,Lv8_07921_50db,STOCK_EXHAUSTED_PARTIAL,stock_capacity
D0,Lv8_07921_50db__0014,Lv8_07921_50db,STOCK_EXHAUSTED_PARTIAL,stock_capacity
D0,Lv8_07921_50db__0015,Lv8_07921_50db,STOCK_EXHAUSTED_PARTIAL,stock_capacity
D0,Lv8_07921_50db__0016,Lv8_07921_50db,STOCK_EXHAUSTED_PARTIAL,stock_capacity
D0,Lv8_07921_50db__0019,Lv8_07921_50db,STOCK_EXHAUSTED_PARTIAL,stock_capacity
D0,Lv8_07921_50db__0021,Lv8_07921_50db,STOCK_EXHAUSTED_PARTIAL,stock_capacity
D0,Lv8_07921_50db__0024,Lv8_07921_50db,STOCK_EXHAUSTED_PARTIAL,stock_capacity
D0,Lv8_07921_50db__0025,Lv8_07921_50db,STOCK_EXHAUSTED_PARTIAL,stock_capacity
D0,Lv8_07921_50db__0026,Lv8_07921_50db,STOCK_EXHAUSTED_PARTIAL,stock_capacity
D0,Lv8_07921_50db__0028,Lv8_07921_50db,STOCK_EXHAUSTED_PARTIAL,stock_capacity
D0,Lv8_07921_50db__0029,Lv8_07921_50db,STOCK_EXHAUSTED_PARTIAL,stock_capacity
D0,Lv8_07921_50db__0031,Lv8_07921_50db,STOCK_EXHAUSTED_PARTIAL,stock_capacity
D0,Lv8_07921_50db__0032,Lv8_07921_50db,STOCK_EXHAUSTED_PARTIAL,stock_capacity
D0,Lv8_07921_50db__0033,Lv8_07921_50db,STOCK_EXHAUSTED_PARTIAL,stock_capacity
D0,Lv8_10059_10db__0003,Lv8_10059_10db,STOCK_EXHAUSTED_PARTIAL,stock_capacity
D0,Lv8_10059_10db__0005,Lv8_10059_10db,STOCK_EXHAUSTED_PARTIAL,stock_capacity
D0,Lv8_11612_6db__0001,Lv8_11612_6db,STOCK_EXHAUSTED_PARTIAL,stock_capacity
D0,Lv8_11612_6db__0002,Lv8_11612_6db,STOCK_EXHAUSTED_PARTIAL,stock_capacity
D0,Lv8_11612_6db__0003,Lv8_11612_6db,STOCK_EXHAUSTED_PARTIAL,stock_capacity
D0,Lv8_15348_6db__0001,Lv8_15348_6db,STOCK_EXHAUSTED_PARTIAL,stock_capacity
D0,Lv8_15348_6db__0002,Lv8_15348_6db,STOCK_EXHAUSTED_PARTIAL,stock_capacity
D0,Lv8_15348_6db__0003,Lv8_15348_6db,STOCK_EXHAUSTED_PARTIAL,stock_capacity
D0,Lv8_15348_6db__0004,Lv8_15348_6db,STOCK_EXHAUSTED_PARTIAL,stock_capacity
D0,Lv8_15435_10db__0002,Lv8_15435_10db,STOCK_EXHAUSTED_PARTIAL,stock_capacity
D0,Lv8_15435_10db__0006,Lv8_15435_10db,STOCK_EXHAUSTED_PARTIAL,stock_capacity
D1,Lv8_07919_16db__0001,Lv8_07919_16db,UNSUPPORTED_SPACING_OFFSET_Q36,spacing_offset
D1,Lv8_07919_16db__0002,Lv8_07919_16db,UNSUPPORTED_SPACING_OFFSET_Q36,spacing_offset
D1,Lv8_07919_16db__0003,Lv8_07919_16db,UNSUPPORTED_SPACING_OFFSET_Q36,spacing_offset
D1,Lv8_07919_16db__0004,Lv8_07919_16db,UNSUPPORTED_SPACING_OFFSET_Q36,spacing_offset
D1,Lv8_07919_16db__0005,Lv8_07919_16db,UNSUPPORTED_SPACING_OFFSET_Q36,spacing_offset
D1,Lv8_07919_16db__0006,Lv8_07919_16db,UNSUPPORTED_SPACING_OFFSET_Q36,spacing_offset
D1,Lv8_07919_16db__0007,Lv8_07919_16db,UNSUPPORTED_SPACING_OFFSET_Q36,spacing_offset
D1,Lv8_07919_16db__0008,Lv8_07919_16db,UNSUPPORTED_SPACING_OFFSET_Q36,spacing_offset
D1,Lv8_07919_16db__0009,Lv8_07919_16db,UNSUPPORTED_SPACING_OFFSET_Q36,spacing_offset
D1,Lv8_07919_16db__0010,Lv8_07919_16db,UNSUPPORTED_SPACING_OFFSET_Q36,spacing_offset
D1,Lv8_07919_16db__0011,Lv8_07919_16db,UNSUPPORTED_SPACING_OFFSET_Q36,spacing_offset
D1,Lv8_07919_16db__0012,Lv8_07919_16db,UNSUPPORTED_SPACING_OFFSET_Q36,spacing_offset
D1,Lv8_07919_16db__0013,Lv8_07919_16db,UNSUPPORTED_SPACING_OFFSET_Q36,spacing_offset
D1,Lv8_07920_50db__0001,Lv8_07920_50db,UNSUPPORTED_SPACING_OFFSET_Q36,spacing_offset
D1,Lv8_07920_50db__0002,Lv8_07920_50db,UNSUPPORTED_SPACING_OFFSET_Q36,spacing_offset
D1,Lv8_07920_50db__0003,Lv8_07920_50db,UNSUPPORTED_SPACING_OFFSET_Q36,spacing_offset
D1,Lv8_07920_50db__0004,Lv8_07920_50db,UNSUPPORTED_SPACING_OFFSET_Q36,spacing_offset
D1,Lv8_07920_50db__0005,Lv8_07920_50db,UNSUPPORTED_SPACING_OFFSET_Q36,spacing_offset
D1,Lv8_07920_50db__0006,Lv8_07920_50db,UNSUPPORTED_SPACING_OFFSET_Q36,spacing_offset
D1,Lv8_07920_50db__0007,Lv8_07920_50db,UNSUPPORTED_SPACING_OFFSET_Q36,spacing_offset
D1,Lv8_07920_50db__0008,Lv8_07920_50db,UNSUPPORTED_SPACING_OFFSET_Q36,spacing_offset
D1,Lv8_07920_50db__0009,Lv8_07920_50db,UNSUPPORTED_SPACING_OFFSET_Q36,spacing_offset
D1,Lv8_07920_50db__0010,Lv8_07920_50db,UNSUPPORTED_SPACING_OFFSET_Q36,spacing_offset
D1,Lv8_07920_50db__0011,Lv8_07920_50db,UNSUPPORTED_SPACING_OFFSET_Q36,spacing_offset
D1,Lv8_07920_50db__0012,Lv8_07920_50db,UNSUPPORTED_SPACING_OFFSET_Q36,spacing_offset
D1,Lv8_07921_50db__0001,Lv8_07921_50db,UNSUPPORTED_SPACING_OFFSET_Q36,spacing_offset
D1,Lv8_07921_50db__0002,Lv8_07921_50db,UNSUPPORTED_SPACING_OFFSET_Q36,spacing_offset
D1,Lv8_07921_50db__0003,Lv8_07921_50db,UNSUPPORTED_SPACING_OFFSET_Q36,spacing_offset
D1,Lv8_07921_50db__0004,Lv8_07921_50db,UNSUPPORTED_SPACING_OFFSET_Q36,spacing_offset
D1,Lv8_07921_50db__0005,Lv8_07921_50db,UNSUPPORTED_SPACING_OFFSET_Q36,spacing_offset
D1,Lv8_07921_50db__0006,Lv8_07921_50db,UNSUPPORTED_SPACING_OFFSET_Q36,spacing_offset
D1,Lv8_07921_50db__0007,Lv8_07921_50db,UNSUPPORTED_SPACING_OFFSET_Q36,spacing_offset
D1,Lv8_07921_50db__0008,Lv8_07921_50db,UNSUPPORTED_SPACING_OFFSET_Q36,spacing_offset
D1,Lv8_07921_50db__0009,Lv8_07921_50db,UNSUPPORTED_SPACING_OFFSET_Q36,spacing_offset
D1,Lv8_07921_50db__0010,Lv8_07921_50db,UNSUPPORTED_SPACING_OFFSET_Q36,spacing_offset
D1,Lv8_07921_50db__0011,Lv8_07921_50db,UNSUPPORTED_SPACING_OFFSET_Q36,spacing_offset
D1,Lv8_07921_50db__0012,Lv8_07921_50db,UNSUPPORTED_SPACING_OFFSET_Q36,spacing_offset
D1,Lv8_07921_50db__0013,Lv8_07921_50db,UNSUPPORTED_SPACING_OFFSET_Q36,spacing_offset
D1,Lv8_07921_50db__0014,Lv8_07921_50db,UNSUPPORTED_SPACING_OFFSET_Q36,spacing_offset
D1,Lv8_07921_50db__0015,Lv8_07921_50db,UNSUPPORTED_SPACING_OFFSET_Q36,spacing_offset
D1,Lv8_07921_50db__0016,Lv8_07921_50db,UNSUPPORTED_SPACING_OFFSET_Q36,spacing_offset
D1,Lv8_07921_50db__0017,Lv8_07921_50db,UNSUPPORTED_SPACING_OFFSET_Q36,spacing_offset
D1,Lv8_07921_50db__0018,Lv8_07921_50db,UNSUPPORTED_SPACING_OFFSET_Q36,spacing_offset
D1,Lv8_07921_50db__0019,Lv8_07921_50db,UNSUPPORTED_SPACING_OFFSET_Q36,spacing_offset
D1,Lv8_07921_50db__0020,Lv8_07921_50db,UNSUPPORTED_SPACING_OFFSET_Q36,spacing_offset
D1,Lv8_07921_50db__0021,Lv8_07921_50db,UNSUPPORTED_SPACING_OFFSET_Q36,spacing_offset
D1,Lv8_07921_50db__0022,Lv8_07921_50db,UNSUPPORTED_SPACING_OFFSET_Q36,spacing_offset
D1,Lv8_07921_50db__0023,Lv8_07921_50db,UNSUPPORTED_SPACING_OFFSET_Q36,spacing_offset
D1,Lv8_07921_50db__0024,Lv8_07921_50db,UNSUPPORTED_SPACING_OFFSET_Q36,spacing_offset
D1,Lv8_07921_50db__0025,Lv8_07921_50db,UNSUPPORTED_SPACING_OFFSET_Q36,spacing_offset
D1,Lv8_07921_50db__0026,Lv8_07921_50db,UNSUPPORTED_SPACING_OFFSET_Q36,spacing_offset
D1,Lv8_07921_50db__0027,Lv8_07921_50db,UNSUPPORTED_SPACING_OFFSET_Q36,spacing_offset
D1,Lv8_07921_50db__0028,Lv8_07921_50db,UNSUPPORTED_SPACING_OFFSET_Q36,spacing_offset
D1,Lv8_07921_50db__0029,Lv8_07921_50db,UNSUPPORTED_SPACING_OFFSET_Q36,spacing_offset
D1,Lv8_07921_50db__0030,Lv8_07921_50db,UNSUPPORTED_SPACING_OFFSET_Q36,spacing_offset
D1,Lv8_07921_50db__0031,Lv8_07921_50db,UNSUPPORTED_SPACING_OFFSET_Q36,spacing_offset
D1,Lv8_07921_50db__0032,Lv8_07921_50db,UNSUPPORTED_SPACING_OFFSET_Q36,spacing_offset
D1,Lv8_07921_50db__0033,Lv8_07921_50db,UNSUPPORTED_SPACING_OFFSET_Q36,spacing_offset
D1,LV8_00057_20db__0002,LV8_00057_20db,STOCK_EXHAUSTED_PARTIAL,stock_capacity
D1,LV8_00057_20db__0003,LV8_00057_20db,STOCK_EXHAUSTED_PARTIAL,stock_capacity
D1,LV8_00057_20db__0010,LV8_00057_20db,STOCK_EXHAUSTED_PARTIAL,stock_capacity
D1,LV8_01170_10db__0001,LV8_01170_10db,STOCK_EXHAUSTED_PARTIAL,stock_capacity
D1,LV8_01170_10db__0002,LV8_01170_10db,STOCK_EXHAUSTED_PARTIAL,stock_capacity
D1,LV8_01170_10db__0003,LV8_01170_10db,STOCK_EXHAUSTED_PARTIAL,stock_capacity
D1,LV8_01170_10db__0005,LV8_01170_10db,STOCK_EXHAUSTED_PARTIAL,stock_capacity
D1,LV8_01170_10db__0007,LV8_01170_10db,STOCK_EXHAUSTED_PARTIAL,stock_capacity
D1,LV8_01170_10db__0010,LV8_01170_10db,STOCK_EXHAUSTED_PARTIAL,stock_capacity
D1,LV8_02048_20db__0005,LV8_02048_20db,STOCK_EXHAUSTED_PARTIAL,stock_capacity
D1,LV8_02049_50db__0008,LV8_02049_50db,STOCK_EXHAUSTED_PARTIAL,stock_capacity
D1,LV8_02049_50db__0023,LV8_02049_50db,STOCK_EXHAUSTED_PARTIAL,stock_capacity
D1,Lv8_10059_10db__0003,Lv8_10059_10db,STOCK_EXHAUSTED_PARTIAL,stock_capacity
D1,Lv8_10059_10db__0010,Lv8_10059_10db,STOCK_EXHAUSTED_PARTIAL,stock_capacity
D1,Lv8_11612_6db__0001,Lv8_11612_6db,STOCK_EXHAUSTED_PARTIAL,stock_capacity
D1,Lv8_11612_6db__0002,Lv8_11612_6db,STOCK_EXHAUSTED_PARTIAL,stock_capacity
D1,Lv8_11612_6db__0003,Lv8_11612_6db,STOCK_EXHAUSTED_PARTIAL,stock_capacity
D1,Lv8_15348_6db__0001,Lv8_15348_6db,STOCK_EXHAUSTED_PARTIAL,stock_capacity
D1,Lv8_15348_6db__0002,Lv8_15348_6db,STOCK_EXHAUSTED_PARTIAL,stock_capacity
D1,Lv8_15348_6db__0003,Lv8_15348_6db,STOCK_EXHAUSTED_PARTIAL,stock_capacity
D1,Lv8_15348_6db__0004,Lv8_15348_6db,STOCK_EXHAUSTED_PARTIAL,stock_capacity
D1,Lv8_15435_10db__0006,Lv8_15435_10db,STOCK_EXHAUSTED_PARTIAL,stock_capacity
D1,Lv8_15435_10db__0007,Lv8_15435_10db,STOCK_EXHAUSTED_PARTIAL,stock_capacity
D1,Lv8_15435_10db__0008,Lv8_15435_10db,STOCK_EXHAUSTED_PARTIAL,stock_capacity
D2,Lv8_07919_16db__0001,Lv8_07919_16db,UNSUPPORTED_SPACING_OFFSET_Q36,spacing_offset
D2,Lv8_07919_16db__0002,Lv8_07919_16db,UNSUPPORTED_SPACING_OFFSET_Q36,spacing_offset
D2,Lv8_07919_16db__0003,Lv8_07919_16db,UNSUPPORTED_SPACING_OFFSET_Q36,spacing_offset
D2,Lv8_07919_16db__0004,Lv8_07919_16db,UNSUPPORTED_SPACING_OFFSET_Q36,spacing_offset
D2,Lv8_07919_16db__0005,Lv8_07919_16db,UNSUPPORTED_SPACING_OFFSET_Q36,spacing_offset
D2,Lv8_07919_16db__0006,Lv8_07919_16db,UNSUPPORTED_SPACING_OFFSET_Q36,spacing_offset
D2,Lv8_07919_16db__0007,Lv8_07919_16db,UNSUPPORTED_SPACING_OFFSET_Q36,spacing_offset
D2,Lv8_07919_16db__0008,Lv8_07919_16db,UNSUPPORTED_SPACING_OFFSET_Q36,spacing_offset
D2,Lv8_07919_16db__0009,Lv8_07919_16db,UNSUPPORTED_SPACING_OFFSET_Q36,spacing_offset
D2,Lv8_07919_16db__0010,Lv8_07919_16db,UNSUPPORTED_SPACING_OFFSET_Q36,spacing_offset
D2,Lv8_07919_16db__0011,Lv8_07919_16db,UNSUPPORTED_SPACING_OFFSET_Q36,spacing_offset
D2,Lv8_07919_16db__0012,Lv8_07919_16db,UNSUPPORTED_SPACING_OFFSET_Q36,spacing_offset
D2,Lv8_07919_16db__0013,Lv8_07919_16db,UNSUPPORTED_SPACING_OFFSET_Q36,spacing_offset
D2,Lv8_07920_50db__0001,Lv8_07920_50db,UNSUPPORTED_SPACING_OFFSET_Q36,spacing_offset
D2,Lv8_07920_50db__0002,Lv8_07920_50db,UNSUPPORTED_SPACING_OFFSET_Q36,spacing_offset
D2,Lv8_07920_50db__0003,Lv8_07920_50db,UNSUPPORTED_SPACING_OFFSET_Q36,spacing_offset
D2,Lv8_07920_50db__0004,Lv8_07920_50db,UNSUPPORTED_SPACING_OFFSET_Q36,spacing_offset
D2,Lv8_07920_50db__0005,Lv8_07920_50db,UNSUPPORTED_SPACING_OFFSET_Q36,spacing_offset
D2,Lv8_07920_50db__0006,Lv8_07920_50db,UNSUPPORTED_SPACING_OFFSET_Q36,spacing_offset
D2,Lv8_07920_50db__0007,Lv8_07920_50db,UNSUPPORTED_SPACING_OFFSET_Q36,spacing_offset
D2,Lv8_07920_50db__0008,Lv8_07920_50db,UNSUPPORTED_SPACING_OFFSET_Q36,spacing_offset
D2,Lv8_07920_50db__0009,Lv8_07920_50db,UNSUPPORTED_SPACING_OFFSET_Q36,spacing_offset
D2,Lv8_07920_50db__0010,Lv8_07920_50db,UNSUPPORTED_SPACING_OFFSET_Q36,spacing_offset
D2,Lv8_07920_50db__0011,Lv8_07920_50db,UNSUPPORTED_SPACING_OFFSET_Q36,spacing_offset
D2,Lv8_07920_50db__0012,Lv8_07920_50db,UNSUPPORTED_SPACING_OFFSET_Q36,spacing_offset
D2,Lv8_07921_50db__0001,Lv8_07921_50db,UNSUPPORTED_SPACING_OFFSET_Q36,spacing_offset
D2,Lv8_07921_50db__0002,Lv8_07921_50db,UNSUPPORTED_SPACING_OFFSET_Q36,spacing_offset
D2,Lv8_07921_50db__0003,Lv8_07921_50db,UNSUPPORTED_SPACING_OFFSET_Q36,spacing_offset
D2,Lv8_07921_50db__0004,Lv8_07921_50db,UNSUPPORTED_SPACING_OFFSET_Q36,spacing_offset
D2,Lv8_07921_50db__0005,Lv8_07921_50db,UNSUPPORTED_SPACING_OFFSET_Q36,spacing_offset
D2,Lv8_07921_50db__0006,Lv8_07921_50db,UNSUPPORTED_SPACING_OFFSET_Q36,spacing_offset
D2,Lv8_07921_50db__0007,Lv8_07921_50db,UNSUPPORTED_SPACING_OFFSET_Q36,spacing_offset
D2,Lv8_07921_50db__0008,Lv8_07921_50db,UNSUPPORTED_SPACING_OFFSET_Q36,spacing_offset
D2,Lv8_07921_50db__0009,Lv8_07921_50db,UNSUPPORTED_SPACING_OFFSET_Q36,spacing_offset
D2,Lv8_07921_50db__0010,Lv8_07921_50db,UNSUPPORTED_SPACING_OFFSET_Q36,spacing_offset
D2,Lv8_07921_50db__0011,Lv8_07921_50db,UNSUPPORTED_SPACING_OFFSET_Q36,spacing_offset
D2,Lv8_07921_50db__0012,Lv8_07921_50db,UNSUPPORTED_SPACING_OFFSET_Q36,spacing_offset
D2,Lv8_07921_50db__0013,Lv8_07921_50db,UNSUPPORTED_SPACING_OFFSET_Q36,spacing_offset
D2,Lv8_07921_50db__0014,Lv8_07921_50db,UNSUPPORTED_SPACING_OFFSET_Q36,spacing_offset
D2,Lv8_07921_50db__0015,Lv8_07921_50db,UNSUPPORTED_SPACING_OFFSET_Q36,spacing_offset
D2,Lv8_07921_50db__0016,Lv8_07921_50db,UNSUPPORTED_SPACING_OFFSET_Q36,spacing_offset
D2,Lv8_07921_50db__0017,Lv8_07921_50db,UNSUPPORTED_SPACING_OFFSET_Q36,spacing_offset
D2,Lv8_07921_50db__0018,Lv8_07921_50db,UNSUPPORTED_SPACING_OFFSET_Q36,spacing_offset
D2,Lv8_07921_50db__0019,Lv8_07921_50db,UNSUPPORTED_SPACING_OFFSET_Q36,spacing_offset
D2,Lv8_07921_50db__0020,Lv8_07921_50db,UNSUPPORTED_SPACING_OFFSET_Q36,spacing_offset
D2,Lv8_07921_50db__0021,Lv8_07921_50db,UNSUPPORTED_SPACING_OFFSET_Q36,spacing_offset
D2,Lv8_07921_50db__0022,Lv8_07921_50db,UNSUPPORTED_SPACING_OFFSET_Q36,spacing_offset
D2,Lv8_07921_50db__0023,Lv8_07921_50db,UNSUPPORTED_SPACING_OFFSET_Q36,spacing_offset
D2,Lv8_07921_50db__0024,Lv8_07921_50db,UNSUPPORTED_SPACING_OFFSET_Q36,spacing_offset
D2,Lv8_07921_50db__0025,Lv8_07921_50db,UNSUPPORTED_SPACING_OFFSET_Q36,spacing_offset
D2,Lv8_07921_50db__0026,Lv8_07921_50db,UNSUPPORTED_SPACING_OFFSET_Q36,spacing_offset
D2,Lv8_07921_50db__0027,Lv8_07921_50db,UNSUPPORTED_SPACING_OFFSET_Q36,spacing_offset
D2,Lv8_07921_50db__0028,Lv8_07921_50db,UNSUPPORTED_SPACING_OFFSET_Q36,spacing_offset
D2,Lv8_07921_50db__0029,Lv8_07921_50db,UNSUPPORTED_SPACING_OFFSET_Q36,spacing_offset
D2,Lv8_07921_50db__0030,Lv8_07921_50db,UNSUPPORTED_SPACING_OFFSET_Q36,spacing_offset
D2,Lv8_07921_50db__0031,Lv8_07921_50db,UNSUPPORTED_SPACING_OFFSET_Q36,spacing_offset
D2,Lv8_07921_50db__0032,Lv8_07921_50db,UNSUPPORTED_SPACING_OFFSET_Q36,spacing_offset
D2,Lv8_07921_50db__0033,Lv8_07921_50db,UNSUPPORTED_SPACING_OFFSET_Q36,spacing_offset
D2,LV8_00057_20db__0002,LV8_00057_20db,STOCK_EXHAUSTED_PARTIAL,stock_capacity
D2,LV8_00057_20db__0003,LV8_00057_20db,STOCK_EXHAUSTED_PARTIAL,stock_capacity
D2,LV8_00057_20db__0010,LV8_00057_20db,STOCK_EXHAUSTED_PARTIAL,stock_capacity
D2,LV8_01170_10db__0001,LV8_01170_10db,STOCK_EXHAUSTED_PARTIAL,stock_capacity
D2,LV8_01170_10db__0002,LV8_01170_10db,STOCK_EXHAUSTED_PARTIAL,stock_capacity
D2,LV8_01170_10db__0003,LV8_01170_10db,STOCK_EXHAUSTED_PARTIAL,stock_capacity
D2,LV8_01170_10db__0005,LV8_01170_10db,STOCK_EXHAUSTED_PARTIAL,stock_capacity
D2,LV8_01170_10db__0006,LV8_01170_10db,STOCK_EXHAUSTED_PARTIAL,stock_capacity
D2,LV8_01170_10db__0007,LV8_01170_10db,STOCK_EXHAUSTED_PARTIAL,stock_capacity
D2,LV8_01170_10db__0010,LV8_01170_10db,STOCK_EXHAUSTED_PARTIAL,stock_capacity
D2,LV8_02048_20db__0005,LV8_02048_20db,STOCK_EXHAUSTED_PARTIAL,stock_capacity
D2,LV8_02049_50db__0008,LV8_02049_50db,STOCK_EXHAUSTED_PARTIAL,stock_capacity
D2,LV8_02049_50db__0023,LV8_02049_50db,STOCK_EXHAUSTED_PARTIAL,stock_capacity
D2,Lv8_10059_10db__0003,Lv8_10059_10db,STOCK_EXHAUSTED_PARTIAL,stock_capacity
D2,Lv8_10059_10db__0010,Lv8_10059_10db,STOCK_EXHAUSTED_PARTIAL,stock_capacity
D2,Lv8_11612_6db__0001,Lv8_11612_6db,STOCK_EXHAUSTED_PARTIAL,stock_capacity
D2,Lv8_11612_6db__0002,Lv8_11612_6db,STOCK_EXHAUSTED_PARTIAL,stock_capacity
D2,Lv8_11612_6db__0003,Lv8_11612_6db,STOCK_EXHAUSTED_PARTIAL,stock_capacity
D2,Lv8_15348_6db__0001,Lv8_15348_6db,STOCK_EXHAUSTED_PARTIAL,stock_capacity
D2,Lv8_15348_6db__0002,Lv8_15348_6db,STOCK_EXHAUSTED_PARTIAL,stock_capacity
D2,Lv8_15348_6db__0003,Lv8_15348_6db,STOCK_EXHAUSTED_PARTIAL,stock_capacity
D2,Lv8_15348_6db__0004,Lv8_15348_6db,STOCK_EXHAUSTED_PARTIAL,stock_capacity
D2,Lv8_15435_10db__0006,Lv8_15435_10db,STOCK_EXHAUSTED_PARTIAL,stock_capacity
D2,Lv8_15435_10db__0007,Lv8_15435_10db,STOCK_EXHAUSTED_PARTIAL,stock_capacity
D2,Lv8_15435_10db__0008,Lv8_15435_10db,STOCK_EXHAUSTED_PARTIAL,stock_capacity
M0,LV8_00057-2_20db__0002,LV8_00057-2_20db,INSUFFICIENT_STOCK_CAPACITY,stock_capacity
M0,LV8_00057-2_20db__0004,LV8_00057-2_20db,INSUFFICIENT_STOCK_CAPACITY,stock_capacity
M0,LV8_00057-2_20db__0005,LV8_00057-2_20db,INSUFFICIENT_STOCK_CAPACITY,stock_capacity
M0,LV8_00057-2_20db__0008,LV8_00057-2_20db,INSUFFICIENT_STOCK_CAPACITY,stock_capacity
M0,LV8_01170_10db__0001,LV8_01170_10db,INSUFFICIENT_STOCK_CAPACITY,stock_capacity
M0,LV8_01170_10db__0002,LV8_01170_10db,INSUFFICIENT_STOCK_CAPACITY,stock_capacity
M0,LV8_01170_10db__0003,LV8_01170_10db,INSUFFICIENT_STOCK_CAPACITY,stock_capacity
M0,LV8_01170_10db__0004,LV8_01170_10db,INSUFFICIENT_STOCK_CAPACITY,stock_capacity
M0,LV8_01170_10db__0005,LV8_01170_10db,INSUFFICIENT_STOCK_CAPACITY,stock_capacity
M0,LV8_01170_10db__0006,LV8_01170_10db,INSUFFICIENT_STOCK_CAPACITY,stock_capacity
M0,LV8_01170_10db__0007,LV8_01170_10db,INSUFFICIENT_STOCK_CAPACITY,stock_capacity
M0,LV8_01170_10db__0008,LV8_01170_10db,INSUFFICIENT_STOCK_CAPACITY,stock_capacity
M0,LV8_01170_10db__0010,LV8_01170_10db,INSUFFICIENT_STOCK_CAPACITY,stock_capacity
M0,LV8_02048_20db_L__0005,LV8_02048_20db_L,INSUFFICIENT_STOCK_CAPACITY,stock_capacity
M0,LV8_02048_20db_L__0011,LV8_02048_20db_L,INSUFFICIENT_STOCK_CAPACITY,stock_capacity
M0,LV8_02048_20db_L__0018,LV8_02048_20db_L,INSUFFICIENT_STOCK_CAPACITY,stock_capacity
M0,LV8_02049_50db__0002,LV8_02049_50db,INSUFFICIENT_STOCK_CAPACITY,stock_capacity
M0,LV8_02049_50db__0010,LV8_02049_50db,INSUFFICIENT_STOCK_CAPACITY,stock_capacity
M0,LV8_02049_50db__0018,LV8_02049_50db,INSUFFICIENT_STOCK_CAPACITY,stock_capacity
M0,LV8_02049_50db__0030,LV8_02049_50db,INSUFFICIENT_STOCK_CAPACITY,stock_capacity
M0,LV8_02049_50db__0036,LV8_02049_50db,INSUFFICIENT_STOCK_CAPACITY,stock_capacity
M0,Lv8_07919_16db__0011,Lv8_07919_16db,INSUFFICIENT_STOCK_CAPACITY,stock_capacity
M0,Lv8_07919_16db__0012,Lv8_07919_16db,INSUFFICIENT_STOCK_CAPACITY,stock_capacity
M0,Lv8_07919_16db__0013,Lv8_07919_16db,INSUFFICIENT_STOCK_CAPACITY,stock_capacity
M0,Lv8_07919_16db__0016,Lv8_07919_16db,INSUFFICIENT_STOCK_CAPACITY,stock_capacity
M0,Lv8_07920_50db__0002,Lv8_07920_50db,INSUFFICIENT_STOCK_CAPACITY,stock_capacity
M0,Lv8_07920_50db__0006,Lv8_07920_50db,INSUFFICIENT_STOCK_CAPACITY,stock_capacity
M0,Lv8_07920_50db__0007,Lv8_07920_50db,INSUFFICIENT_STOCK_CAPACITY,stock_capacity
M0,Lv8_07920_50db__0010,Lv8_07920_50db,INSUFFICIENT_STOCK_CAPACITY,stock_capacity
M0,Lv8_07920_50db__0013,Lv8_07920_50db,INSUFFICIENT_STOCK_CAPACITY,stock_capacity
M0,Lv8_07920_50db__0014,Lv8_07920_50db,INSUFFICIENT_STOCK_CAPACITY,stock_capacity
M0,Lv8_07920_50db__0015,Lv8_07920_50db,INSUFFICIENT_STOCK_CAPACITY,stock_capacity
M0,Lv8_07920_50db__0016,Lv8_07920_50db,INSUFFICIENT_STOCK_CAPACITY,stock_capacity
M0,Lv8_07920_50db__0018,Lv8_07920_50db,INSUFFICIENT_STOCK_CAPACITY,stock_capacity
M0,Lv8_07920_50db__0020,Lv8_07920_50db,INSUFFICIENT_STOCK_CAPACITY,stock_capacity
M0,Lv8_07920_50db__0021,Lv8_07920_50db,INSUFFICIENT_STOCK_CAPACITY,stock_capacity
M0,Lv8_07920_50db__0022,Lv8_07920_50db,INSUFFICIENT_STOCK_CAPACITY,stock_capacity
M0,Lv8_07920_50db__0023,Lv8_07920_50db,INSUFFICIENT_STOCK_CAPACITY,stock_capacity
M0,Lv8_07920_50db__0026,Lv8_07920_50db,INSUFFICIENT_STOCK_CAPACITY,stock_capacity
M0,Lv8_07920_50db__0027,Lv8_07920_50db,INSUFFICIENT_STOCK_CAPACITY,stock_capacity
M0,Lv8_07920_50db__0028,Lv8_07920_50db,INSUFFICIENT_STOCK_CAPACITY,stock_capacity
M0,Lv8_07920_50db__0029,Lv8_07920_50db,INSUFFICIENT_STOCK_CAPACITY,stock_capacity
M0,Lv8_07920_50db__0032,Lv8_07920_50db,INSUFFICIENT_STOCK_CAPACITY,stock_capacity
M0,Lv8_07920_50db__0033,Lv8_07920_50db,INSUFFICIENT_STOCK_CAPACITY,stock_capacity
M0,Lv8_07920_50db__0035,Lv8_07920_50db,INSUFFICIENT_STOCK_CAPACITY,stock_capacity
M0,Lv8_07920_50db__0036,Lv8_07920_50db,INSUFFICIENT_STOCK_CAPACITY,stock_capacity
M0,Lv8_07920_50db__0039,Lv8_07920_50db,INSUFFICIENT_STOCK_CAPACITY,stock_capacity
M0,Lv8_07920_50db__0040,Lv8_07920_50db,INSUFFICIENT_STOCK_CAPACITY,stock_capacity
M0,Lv8_07920_50db__0044,Lv8_07920_50db,INSUFFICIENT_STOCK_CAPACITY,stock_capacity
M0,Lv8_07920_50db__0045,Lv8_07920_50db,INSUFFICIENT_STOCK_CAPACITY,stock_capacity
M0,Lv8_07920_50db__0046,Lv8_07920_50db,INSUFFICIENT_STOCK_CAPACITY,stock_capacity
M0,Lv8_07920_50db__0049,Lv8_07920_50db,INSUFFICIENT_STOCK_CAPACITY,stock_capacity
M0,Lv8_07920_50db__0050,Lv8_07920_50db,INSUFFICIENT_STOCK_CAPACITY,stock_capacity
M0,Lv8_07921_50db__0001,Lv8_07921_50db,INSUFFICIENT_STOCK_CAPACITY,stock_capacity
M0,Lv8_07921_50db__0002,Lv8_07921_50db,INSUFFICIENT_STOCK_CAPACITY,stock_capacity
M0,Lv8_07921_50db__0003,Lv8_07921_50db,INSUFFICIENT_STOCK_CAPACITY,stock_capacity
M0,Lv8_07921_50db__0004,Lv8_07921_50db,INSUFFICIENT_STOCK_CAPACITY,stock_capacity
M0,Lv8_07921_50db__0005,Lv8_07921_50db,INSUFFICIENT_STOCK_CAPACITY,stock_capacity
M0,Lv8_07921_50db__0006,Lv8_07921_50db,INSUFFICIENT_STOCK_CAPACITY,stock_capacity
M0,Lv8_07921_50db__0008,Lv8_07921_50db,INSUFFICIENT_STOCK_CAPACITY,stock_capacity
M0,Lv8_07921_50db__0009,Lv8_07921_50db,INSUFFICIENT_STOCK_CAPACITY,stock_capacity
M0,Lv8_07921_50db__0010,Lv8_07921_50db,INSUFFICIENT_STOCK_CAPACITY,stock_capacity
M0,Lv8_07921_50db__0011,Lv8_07921_50db,INSUFFICIENT_STOCK_CAPACITY,stock_capacity
M0,Lv8_07921_50db__0012,Lv8_07921_50db,INSUFFICIENT_STOCK_CAPACITY,stock_capacity
M0,Lv8_07921_50db__0013,Lv8_07921_50db,INSUFFICIENT_STOCK_CAPACITY,stock_capacity
M0,Lv8_07921_50db__0014,Lv8_07921_50db,INSUFFICIENT_STOCK_CAPACITY,stock_capacity
M0,Lv8_07921_50db__0015,Lv8_07921_50db,INSUFFICIENT_STOCK_CAPACITY,stock_capacity
M0,Lv8_07921_50db__0016,Lv8_07921_50db,INSUFFICIENT_STOCK_CAPACITY,stock_capacity
M0,Lv8_07921_50db__0017,Lv8_07921_50db,INSUFFICIENT_STOCK_CAPACITY,stock_capacity
M0,Lv8_07921_50db__0018,Lv8_07921_50db,INSUFFICIENT_STOCK_CAPACITY,stock_capacity
M0,Lv8_07921_50db__0019,Lv8_07921_50db,INSUFFICIENT_STOCK_CAPACITY,stock_capacity
M0,Lv8_07921_50db__0020,Lv8_07921_50db,INSUFFICIENT_STOCK_CAPACITY,stock_capacity
M0,Lv8_07921_50db__0021,Lv8_07921_50db,INSUFFICIENT_STOCK_CAPACITY,stock_capacity
M0,Lv8_07921_50db__0022,Lv8_07921_50db,INSUFFICIENT_STOCK_CAPACITY,stock_capacity
M0,Lv8_07921_50db__0023,Lv8_07921_50db,INSUFFICIENT_STOCK_CAPACITY,stock_capacity
M0,Lv8_07921_50db__0024,Lv8_07921_50db,INSUFFICIENT_STOCK_CAPACITY,stock_capacity
M0,Lv8_07921_50db__0025,Lv8_07921_50db,INSUFFICIENT_STOCK_CAPACITY,stock_capacity
M0,Lv8_07921_50db__0026,Lv8_07921_50db,INSUFFICIENT_STOCK_CAPACITY,stock_capacity
M0,Lv8_07921_50db__0028,Lv8_07921_50db,INSUFFICIENT_STOCK_CAPACITY,stock_capacity
M0,Lv8_07921_50db__0029,Lv8_07921_50db,INSUFFICIENT_STOCK_CAPACITY,stock_capacity
M0,Lv8_07921_50db__0030,Lv8_07921_50db,INSUFFICIENT_STOCK_CAPACITY,stock_capacity
M0,Lv8_07921_50db__0031,Lv8_07921_50db,INSUFFICIENT_STOCK_CAPACITY,stock_capacity
M0,Lv8_07921_50db__0032,Lv8_07921_50db,INSUFFICIENT_STOCK_CAPACITY,stock_capacity
M0,Lv8_07921_50db__0033,Lv8_07921_50db,INSUFFICIENT_STOCK_CAPACITY,stock_capacity
M0,Lv8_07921_50db__0034,Lv8_07921_50db,INSUFFICIENT_STOCK_CAPACITY,stock_capacity
M0,Lv8_07921_50db__0035,Lv8_07921_50db,INSUFFICIENT_STOCK_CAPACITY,stock_capacity
M0,Lv8_07921_50db__0036,Lv8_07921_50db,INSUFFICIENT_STOCK_CAPACITY,stock_capacity
M0,Lv8_07921_50db__0037,Lv8_07921_50db,INSUFFICIENT_STOCK_CAPACITY,stock_capacity
M0,Lv8_07921_50db__0038,Lv8_07921_50db,INSUFFICIENT_STOCK_CAPACITY,stock_capacity
M0,Lv8_07921_50db__0039,Lv8_07921_50db,INSUFFICIENT_STOCK_CAPACITY,stock_capacity
M0,Lv8_07921_50db__0040,Lv8_07921_50db,INSUFFICIENT_STOCK_CAPACITY,stock_capacity
M0,Lv8_07921_50db__0041,Lv8_07921_50db,INSUFFICIENT_STOCK_CAPACITY,stock_capacity
M0,Lv8_07921_50db__0042,Lv8_07921_50db,INSUFFICIENT_STOCK_CAPACITY,stock_capacity
M0,Lv8_07921_50db__0043,Lv8_07921_50db,INSUFFICIENT_STOCK_CAPACITY,stock_capacity
M0,Lv8_07921_50db__0044,Lv8_07921_50db,INSUFFICIENT_STOCK_CAPACITY,stock_capacity
M0,Lv8_07921_50db__0045,Lv8_07921_50db,INSUFFICIENT_STOCK_CAPACITY,stock_capacity
M0,Lv8_07921_50db__0047,Lv8_07921_50db,INSUFFICIENT_STOCK_CAPACITY,stock_capacity
M0,Lv8_07921_50db__0048,Lv8_07921_50db,INSUFFICIENT_STOCK_CAPACITY,stock_capacity
M0,Lv8_07921_50db__0049,Lv8_07921_50db,INSUFFICIENT_STOCK_CAPACITY,stock_capacity
M0,Lv8_07921_50db__0050,Lv8_07921_50db,INSUFFICIENT_STOCK_CAPACITY,stock_capacity
M0,Lv8_10059_10db__0001,Lv8_10059_10db,INSUFFICIENT_STOCK_CAPACITY,stock_capacity
M0,Lv8_10059_10db__0006,Lv8_10059_10db,INSUFFICIENT_STOCK_CAPACITY,stock_capacity
M0,Lv8_10059_10db__0008,Lv8_10059_10db,INSUFFICIENT_STOCK_CAPACITY,stock_capacity
M0,Lv8_11612_6db__0003,Lv8_11612_6db,INSUFFICIENT_STOCK_CAPACITY,stock_capacity
M0,Lv8_11612_6db__0004,Lv8_11612_6db,INSUFFICIENT_STOCK_CAPACITY,stock_capacity
M0,Lv8_11612_6db__0005,Lv8_11612_6db,INSUFFICIENT_STOCK_CAPACITY,stock_capacity
M0,Lv8_11612_6db__0006,Lv8_11612_6db,INSUFFICIENT_STOCK_CAPACITY,stock_capacity
M0,Lv8_15348_6db_GRAVIR__0001,Lv8_15348_6db_GRAVIR,INSUFFICIENT_STOCK_CAPACITY,stock_capacity
M0,Lv8_15348_6db_GRAVIR__0002,Lv8_15348_6db_GRAVIR,INSUFFICIENT_STOCK_CAPACITY,stock_capacity
M0,Lv8_15348_6db_GRAVIR__0003,Lv8_15348_6db_GRAVIR,INSUFFICIENT_STOCK_CAPACITY,stock_capacity
M0,Lv8_15348_6db_GRAVIR__0005,Lv8_15348_6db_GRAVIR,INSUFFICIENT_STOCK_CAPACITY,stock_capacity
M0,Lv8_15348_6db_GRAVIR__0006,Lv8_15348_6db_GRAVIR,INSUFFICIENT_STOCK_CAPACITY,stock_capacity
M0,Lv8_15435_10db__0002,Lv8_15435_10db,INSUFFICIENT_STOCK_CAPACITY,stock_capacity
M0,Lv8_15435_10db__0005,Lv8_15435_10db,INSUFFICIENT_STOCK_CAPACITY,stock_capacity
M0,Lv8_15435_10db__0006,Lv8_15435_10db,INSUFFICIENT_STOCK_CAPACITY,stock_capacity
M0,Lv8_15435_10db__0007,Lv8_15435_10db,INSUFFICIENT_STOCK_CAPACITY,stock_capacity
M1,Lv8_07919_16db__0001,Lv8_07919_16db,UNSUPPORTED_SPACING_OFFSET_Q36,spacing_offset
M1,Lv8_07919_16db__0002,Lv8_07919_16db,UNSUPPORTED_SPACING_OFFSET_Q36,spacing_offset
M1,Lv8_07919_16db__0003,Lv8_07919_16db,UNSUPPORTED_SPACING_OFFSET_Q36,spacing_offset
M1,Lv8_07919_16db__0004,Lv8_07919_16db,UNSUPPORTED_SPACING_OFFSET_Q36,spacing_offset
M1,Lv8_07919_16db__0005,Lv8_07919_16db,UNSUPPORTED_SPACING_OFFSET_Q36,spacing_offset
M1,Lv8_07919_16db__0006,Lv8_07919_16db,UNSUPPORTED_SPACING_OFFSET_Q36,spacing_offset
M1,Lv8_07919_16db__0007,Lv8_07919_16db,UNSUPPORTED_SPACING_OFFSET_Q36,spacing_offset
M1,Lv8_07919_16db__0008,Lv8_07919_16db,UNSUPPORTED_SPACING_OFFSET_Q36,spacing_offset
M1,Lv8_07919_16db__0009,Lv8_07919_16db,UNSUPPORTED_SPACING_OFFSET_Q36,spacing_offset
M1,Lv8_07919_16db__0010,Lv8_07919_16db,UNSUPPORTED_SPACING_OFFSET_Q36,spacing_offset
M1,Lv8_07919_16db__0011,Lv8_07919_16db,UNSUPPORTED_SPACING_OFFSET_Q36,spacing_offset
M1,Lv8_07919_16db__0012,Lv8_07919_16db,UNSUPPORTED_SPACING_OFFSET_Q36,spacing_offset
M1,Lv8_07919_16db__0013,Lv8_07919_16db,UNSUPPORTED_SPACING_OFFSET_Q36,spacing_offset
M1,Lv8_07919_16db__0014,Lv8_07919_16db,UNSUPPORTED_SPACING_OFFSET_Q36,spacing_offset
M1,Lv8_07919_16db__0015,Lv8_07919_16db,UNSUPPORTED_SPACING_OFFSET_Q36,spacing_offset
M1,Lv8_07919_16db__0016,Lv8_07919_16db,UNSUPPORTED_SPACING_OFFSET_Q36,spacing_offset
M1,Lv8_07920_50db__0001,Lv8_07920_50db,UNSUPPORTED_SPACING_OFFSET_Q36,spacing_offset
M1,Lv8_07920_50db__0002,Lv8_07920_50db,UNSUPPORTED_SPACING_OFFSET_Q36,spacing_offset
M1,Lv8_07920_50db__0003,Lv8_07920_50db,UNSUPPORTED_SPACING_OFFSET_Q36,spacing_offset
M1,Lv8_07920_50db__0004,Lv8_07920_50db,UNSUPPORTED_SPACING_OFFSET_Q36,spacing_offset
M1,Lv8_07920_50db__0005,Lv8_07920_50db,UNSUPPORTED_SPACING_OFFSET_Q36,spacing_offset
M1,Lv8_07920_50db__0006,Lv8_07920_50db,UNSUPPORTED_SPACING_OFFSET_Q36,spacing_offset
M1,Lv8_07920_50db__0007,Lv8_07920_50db,UNSUPPORTED_SPACING_OFFSET_Q36,spacing_offset
M1,Lv8_07920_50db__0008,Lv8_07920_50db,UNSUPPORTED_SPACING_OFFSET_Q36,spacing_offset
M1,Lv8_07920_50db__0009,Lv8_07920_50db,UNSUPPORTED_SPACING_OFFSET_Q36,spacing_offset
M1,Lv8_07920_50db__0010,Lv8_07920_50db,UNSUPPORTED_SPACING_OFFSET_Q36,spacing_offset
M1,Lv8_07920_50db__0011,Lv8_07920_50db,UNSUPPORTED_SPACING_OFFSET_Q36,spacing_offset
M1,Lv8_07920_50db__0012,Lv8_07920_50db,UNSUPPORTED_SPACING_OFFSET_Q36,spacing_offset
M1,Lv8_07920_50db__0013,Lv8_07920_50db,UNSUPPORTED_SPACING_OFFSET_Q36,spacing_offset
M1,Lv8_07920_50db__0014,Lv8_07920_50db,UNSUPPORTED_SPACING_OFFSET_Q36,spacing_offset
M1,Lv8_07920_50db__0015,Lv8_07920_50db,UNSUPPORTED_SPACING_OFFSET_Q36,spacing_offset
M1,Lv8_07920_50db__0016,Lv8_07920_50db,UNSUPPORTED_SPACING_OFFSET_Q36,spacing_offset
M1,Lv8_07920_50db__0017,Lv8_07920_50db,UNSUPPORTED_SPACING_OFFSET_Q36,spacing_offset
M1,Lv8_07920_50db__0018,Lv8_07920_50db,UNSUPPORTED_SPACING_OFFSET_Q36,spacing_offset
M1,Lv8_07920_50db__0019,Lv8_07920_50db,UNSUPPORTED_SPACING_OFFSET_Q36,spacing_offset
M1,Lv8_07920_50db__0020,Lv8_07920_50db,UNSUPPORTED_SPACING_OFFSET_Q36,spacing_offset
M1,Lv8_07920_50db__0021,Lv8_07920_50db,UNSUPPORTED_SPACING_OFFSET_Q36,spacing_offset
M1,Lv8_07920_50db__0022,Lv8_07920_50db,UNSUPPORTED_SPACING_OFFSET_Q36,spacing_offset
M1,Lv8_07920_50db__0023,Lv8_07920_50db,UNSUPPORTED_SPACING_OFFSET_Q36,spacing_offset
M1,Lv8_07920_50db__0024,Lv8_07920_50db,UNSUPPORTED_SPACING_OFFSET_Q36,spacing_offset
M1,Lv8_07920_50db__0025,Lv8_07920_50db,UNSUPPORTED_SPACING_OFFSET_Q36,spacing_offset
M1,Lv8_07920_50db__0026,Lv8_07920_50db,UNSUPPORTED_SPACING_OFFSET_Q36,spacing_offset
M1,Lv8_07920_50db__0027,Lv8_07920_50db,UNSUPPORTED_SPACING_OFFSET_Q36,spacing_offset
M1,Lv8_07920_50db__0028,Lv8_07920_50db,UNSUPPORTED_SPACING_OFFSET_Q36,spacing_offset
M1,Lv8_07920_50db__0029,Lv8_07920_50db,UNSUPPORTED_SPACING_OFFSET_Q36,spacing_offset
M1,Lv8_07920_50db__0030,Lv8_07920_50db,UNSUPPORTED_SPACING_OFFSET_Q36,spacing_offset
M1,Lv8_07920_50db__0031,Lv8_07920_50db,UNSUPPORTED_SPACING_OFFSET_Q36,spacing_offset
M1,Lv8_07920_50db__0032,Lv8_07920_50db,UNSUPPORTED_SPACING_OFFSET_Q36,spacing_offset
M1,Lv8_07920_50db__0033,Lv8_07920_50db,UNSUPPORTED_SPACING_OFFSET_Q36,spacing_offset
M1,Lv8_07920_50db__0034,Lv8_07920_50db,UNSUPPORTED_SPACING_OFFSET_Q36,spacing_offset
M1,Lv8_07920_50db__0035,Lv8_07920_50db,UNSUPPORTED_SPACING_OFFSET_Q36,spacing_offset
M1,Lv8_07920_50db__0036,Lv8_07920_50db,UNSUPPORTED_SPACING_OFFSET_Q36,spacing_offset
M1,Lv8_07920_50db__0037,Lv8_07920_50db,UNSUPPORTED_SPACING_OFFSET_Q36,spacing_offset
M1,Lv8_07920_50db__0038,Lv8_07920_50db,UNSUPPORTED_SPACING_OFFSET_Q36,spacing_offset
M1,Lv8_07920_50db__0039,Lv8_07920_50db,UNSUPPORTED_SPACING_OFFSET_Q36,spacing_offset
M1,Lv8_07920_50db__0040,Lv8_07920_50db,UNSUPPORTED_SPACING_OFFSET_Q36,spacing_offset
M1,Lv8_07920_50db__0041,Lv8_07920_50db,UNSUPPORTED_SPACING_OFFSET_Q36,spacing_offset
M1,Lv8_07920_50db__0042,Lv8_07920_50db,UNSUPPORTED_SPACING_OFFSET_Q36,spacing_offset
M1,Lv8_07920_50db__0043,Lv8_07920_50db,UNSUPPORTED_SPACING_OFFSET_Q36,spacing_offset
M1,Lv8_07920_50db__0044,Lv8_07920_50db,UNSUPPORTED_SPACING_OFFSET_Q36,spacing_offset
M1,Lv8_07920_50db__0045,Lv8_07920_50db,UNSUPPORTED_SPACING_OFFSET_Q36,spacing_offset
M1,Lv8_07920_50db__0046,Lv8_07920_50db,UNSUPPORTED_SPACING_OFFSET_Q36,spacing_offset
M1,Lv8_07920_50db__0047,Lv8_07920_50db,UNSUPPORTED_SPACING_OFFSET_Q36,spacing_offset
M1,Lv8_07920_50db__0048,Lv8_07920_50db,UNSUPPORTED_SPACING_OFFSET_Q36,spacing_offset
M1,Lv8_07920_50db__0049,Lv8_07920_50db,UNSUPPORTED_SPACING_OFFSET_Q36,spacing_offset
M1,Lv8_07920_50db__0050,Lv8_07920_50db,UNSUPPORTED_SPACING_OFFSET_Q36,spacing_offset
M1,Lv8_07921_50db__0001,Lv8_07921_50db,UNSUPPORTED_SPACING_OFFSET_Q36,spacing_offset
M1,Lv8_07921_50db__0002,Lv8_07921_50db,UNSUPPORTED_SPACING_OFFSET_Q36,spacing_offset
M1,Lv8_07921_50db__0003,Lv8_07921_50db,UNSUPPORTED_SPACING_OFFSET_Q36,spacing_offset
M1,Lv8_07921_50db__0004,Lv8_07921_50db,UNSUPPORTED_SPACING_OFFSET_Q36,spacing_offset
M1,Lv8_07921_50db__0005,Lv8_07921_50db,UNSUPPORTED_SPACING_OFFSET_Q36,spacing_offset
M1,Lv8_07921_50db__0006,Lv8_07921_50db,UNSUPPORTED_SPACING_OFFSET_Q36,spacing_offset
M1,Lv8_07921_50db__0007,Lv8_07921_50db,UNSUPPORTED_SPACING_OFFSET_Q36,spacing_offset
M1,Lv8_07921_50db__0008,Lv8_07921_50db,UNSUPPORTED_SPACING_OFFSET_Q36,spacing_offset
M1,Lv8_07921_50db__0009,Lv8_07921_50db,UNSUPPORTED_SPACING_OFFSET_Q36,spacing_offset
M1,Lv8_07921_50db__0010,Lv8_07921_50db,UNSUPPORTED_SPACING_OFFSET_Q36,spacing_offset
M1,Lv8_07921_50db__0011,Lv8_07921_50db,UNSUPPORTED_SPACING_OFFSET_Q36,spacing_offset
M1,Lv8_07921_50db__0012,Lv8_07921_50db,UNSUPPORTED_SPACING_OFFSET_Q36,spacing_offset
M1,Lv8_07921_50db__0013,Lv8_07921_50db,UNSUPPORTED_SPACING_OFFSET_Q36,spacing_offset
M1,Lv8_07921_50db__0014,Lv8_07921_50db,UNSUPPORTED_SPACING_OFFSET_Q36,spacing_offset
M1,Lv8_07921_50db__0015,Lv8_07921_50db,UNSUPPORTED_SPACING_OFFSET_Q36,spacing_offset
M1,Lv8_07921_50db__0016,Lv8_07921_50db,UNSUPPORTED_SPACING_OFFSET_Q36,spacing_offset
M1,Lv8_07921_50db__0017,Lv8_07921_50db,UNSUPPORTED_SPACING_OFFSET_Q36,spacing_offset
M1,Lv8_07921_50db__0018,Lv8_07921_50db,UNSUPPORTED_SPACING_OFFSET_Q36,spacing_offset
M1,Lv8_07921_50db__0019,Lv8_07921_50db,UNSUPPORTED_SPACING_OFFSET_Q36,spacing_offset
M1,Lv8_07921_50db__0020,Lv8_07921_50db,UNSUPPORTED_SPACING_OFFSET_Q36,spacing_offset
M1,Lv8_07921_50db__0021,Lv8_07921_50db,UNSUPPORTED_SPACING_OFFSET_Q36,spacing_offset
M1,Lv8_07921_50db__0022,Lv8_07921_50db,UNSUPPORTED_SPACING_OFFSET_Q36,spacing_offset
M1,Lv8_07921_50db__0023,Lv8_07921_50db,UNSUPPORTED_SPACING_OFFSET_Q36,spacing_offset
M1,Lv8_07921_50db__0024,Lv8_07921_50db,UNSUPPORTED_SPACING_OFFSET_Q36,spacing_offset
M1,Lv8_07921_50db__0025,Lv8_07921_50db,UNSUPPORTED_SPACING_OFFSET_Q36,spacing_offset
M1,Lv8_07921_50db__0026,Lv8_07921_50db,UNSUPPORTED_SPACING_OFFSET_Q36,spacing_offset
M1,Lv8_07921_50db__0027,Lv8_07921_50db,UNSUPPORTED_SPACING_OFFSET_Q36,spacing_offset
M1,Lv8_07921_50db__0028,Lv8_07921_50db,UNSUPPORTED_SPACING_OFFSET_Q36,spacing_offset
M1,Lv8_07921_50db__0029,Lv8_07921_50db,UNSUPPORTED_SPACING_OFFSET_Q36,spacing_offset
M1,Lv8_07921_50db__0030,Lv8_07921_50db,UNSUPPORTED_SPACING_OFFSET_Q36,spacing_offset
M1,Lv8_07921_50db__0031,Lv8_07921_50db,UNSUPPORTED_SPACING_OFFSET_Q36,spacing_offset
M1,Lv8_07921_50db__0032,Lv8_07921_50db,UNSUPPORTED_SPACING_OFFSET_Q36,spacing_offset
M1,Lv8_07921_50db__0033,Lv8_07921_50db,UNSUPPORTED_SPACING_OFFSET_Q36,spacing_offset
M1,Lv8_07921_50db__0034,Lv8_07921_50db,UNSUPPORTED_SPACING_OFFSET_Q36,spacing_offset
M1,Lv8_07921_50db__0035,Lv8_07921_50db,UNSUPPORTED_SPACING_OFFSET_Q36,spacing_offset
M1,Lv8_07921_50db__0036,Lv8_07921_50db,UNSUPPORTED_SPACING_OFFSET_Q36,spacing_offset
M1,Lv8_07921_50db__0037,Lv8_07921_50db,UNSUPPORTED_SPACING_OFFSET_Q36,spacing_offset
M1,Lv8_07921_50db__0038,Lv8_07921_50db,UNSUPPORTED_SPACING_OFFSET_Q36,spacing_offset
M1,Lv8_07921_50db__0039,Lv8_07921_50db,UNSUPPORTED_SPACING_OFFSET_Q36,spacing_offset
M1,Lv8_07921_50db__0040,Lv8_07921_50db,UNSUPPORTED_SPACING_OFFSET_Q36,spacing_offset
M1,Lv8_07921_50db__0041,Lv8_07921_50db,UNSUPPORTED_SPACING_OFFSET_Q36,spacing_offset
M1,Lv8_07921_50db__0042,Lv8_07921_50db,UNSUPPORTED_SPACING_OFFSET_Q36,spacing_offset
M1,Lv8_07921_50db__0043,Lv8_07921_50db,UNSUPPORTED_SPACING_OFFSET_Q36,spacing_offset
M1,Lv8_07921_50db__0044,Lv8_07921_50db,UNSUPPORTED_SPACING_OFFSET_Q36,spacing_offset
M1,Lv8_07921_50db__0045,Lv8_07921_50db,UNSUPPORTED_SPACING_OFFSET_Q36,spacing_offset
M1,Lv8_07921_50db__0046,Lv8_07921_50db,UNSUPPORTED_SPACING_OFFSET_Q36,spacing_offset
M1,Lv8_07921_50db__0047,Lv8_07921_50db,UNSUPPORTED_SPACING_OFFSET_Q36,spacing_offset
M1,Lv8_07921_50db__0048,Lv8_07921_50db,UNSUPPORTED_SPACING_OFFSET_Q36,spacing_offset
M1,Lv8_07921_50db__0049,Lv8_07921_50db,UNSUPPORTED_SPACING_OFFSET_Q36,spacing_offset
M1,Lv8_07921_50db__0050,Lv8_07921_50db,UNSUPPORTED_SPACING_OFFSET_Q36,spacing_offset
M1,LV8_00035_28db_M__0007,LV8_00035_28db_M,STOCK_EXHAUSTED_PARTIAL,stock_capacity
M1,LV8_00035_28db_M__0009,LV8_00035_28db_M,STOCK_EXHAUSTED_PARTIAL,stock_capacity
M1,LV8_00035_28db_M__0024,LV8_00035_28db_M,STOCK_EXHAUSTED_PARTIAL,stock_capacity
M1,LV8_00057-2_20db__0003,LV8_00057-2_20db,STOCK_EXHAUSTED_PARTIAL,stock_capacity
M1,LV8_00057-2_20db__0005,LV8_00057-2_20db,STOCK_EXHAUSTED_PARTIAL,stock_capacity
M1,LV8_00057-2_20db__0013,LV8_00057-2_20db,STOCK_EXHAUSTED_PARTIAL,stock_capacity
M1,LV8_00057-2_20db__0018,LV8_00057-2_20db,STOCK_EXHAUSTED_PARTIAL,stock_capacity
M1,LV8_01170_10db__0001,LV8_01170_10db,STOCK_EXHAUSTED_PARTIAL,stock_capacity
M1,LV8_01170_10db__0002,LV8_01170_10db,STOCK_EXHAUSTED_PARTIAL,stock_capacity
M1,LV8_01170_10db__0005,LV8_01170_10db,STOCK_EXHAUSTED_PARTIAL,stock_capacity
M1,LV8_01170_10db__0006,LV8_01170_10db,STOCK_EXHAUSTED_PARTIAL,stock_capacity
M1,LV8_01170_10db__0007,LV8_01170_10db,STOCK_EXHAUSTED_PARTIAL,stock_capacity
M1,LV8_01170_10db__0009,LV8_01170_10db,STOCK_EXHAUSTED_PARTIAL,stock_capacity
M1,LV8_02048_20db_L__0002,LV8_02048_20db_L,STOCK_EXHAUSTED_PARTIAL,stock_capacity
M1,LV8_02048_20db_L__0014,LV8_02048_20db_L,STOCK_EXHAUSTED_PARTIAL,stock_capacity
M1,LV8_02048_20db_L__0015,LV8_02048_20db_L,STOCK_EXHAUSTED_PARTIAL,stock_capacity
M1,LV8_02048_20db_L__0020,LV8_02048_20db_L,STOCK_EXHAUSTED_PARTIAL,stock_capacity
M1,LV8_02049_50db__0011,LV8_02049_50db,STOCK_EXHAUSTED_PARTIAL,stock_capacity
M1,LV8_02049_50db__0032,LV8_02049_50db,STOCK_EXHAUSTED_PARTIAL,stock_capacity
M1,LV8_02049_50db__0040,LV8_02049_50db,STOCK_EXHAUSTED_PARTIAL,stock_capacity
M1,Lv8_10059_10db__0008,Lv8_10059_10db,STOCK_EXHAUSTED_PARTIAL,stock_capacity
M1,Lv8_11612_6db__0001,Lv8_11612_6db,STOCK_EXHAUSTED_PARTIAL,stock_capacity
M1,Lv8_11612_6db__0002,Lv8_11612_6db,STOCK_EXHAUSTED_PARTIAL,stock_capacity
M1,Lv8_11612_6db__0003,Lv8_11612_6db,STOCK_EXHAUSTED_PARTIAL,stock_capacity
M1,Lv8_11612_6db__0004,Lv8_11612_6db,STOCK_EXHAUSTED_PARTIAL,stock_capacity
M1,Lv8_11612_6db__0005,Lv8_11612_6db,STOCK_EXHAUSTED_PARTIAL,stock_capacity
M1,Lv8_11612_6db__0006,Lv8_11612_6db,STOCK_EXHAUSTED_PARTIAL,stock_capacity
M1,Lv8_15348_6db_GRAVIR__0001,Lv8_15348_6db_GRAVIR,STOCK_EXHAUSTED_PARTIAL,stock_capacity
M1,Lv8_15348_6db_GRAVIR__0002,Lv8_15348_6db_GRAVIR,STOCK_EXHAUSTED_PARTIAL,stock_capacity
M1,Lv8_15348_6db_GRAVIR__0003,Lv8_15348_6db_GRAVIR,STOCK_EXHAUSTED_PARTIAL,stock_capacity
M1,Lv8_15348_6db_GRAVIR__0004,Lv8_15348_6db_GRAVIR,STOCK_EXHAUSTED_PARTIAL,stock_capacity
M1,Lv8_15348_6db_GRAVIR__0005,Lv8_15348_6db_GRAVIR,STOCK_EXHAUSTED_PARTIAL,stock_capacity
M1,Lv8_15348_6db_GRAVIR__0006,Lv8_15348_6db_GRAVIR,STOCK_EXHAUSTED_PARTIAL,stock_capacity
M1,Lv8_15435_10db__0001,Lv8_15435_10db,STOCK_EXHAUSTED_PARTIAL,stock_capacity
M1,Lv8_15435_10db__0003,Lv8_15435_10db,STOCK_EXHAUSTED_PARTIAL,stock_capacity
M1,Lv8_15435_10db__0006,Lv8_15435_10db,STOCK_EXHAUSTED_PARTIAL,stock_capacity
M1,Lv8_15435_10db__0007,Lv8_15435_10db,STOCK_EXHAUSTED_PARTIAL,stock_capacity
M1,Lv8_15435_10db__0010,Lv8_15435_10db,STOCK_EXHAUSTED_PARTIAL,stock_capacity
M2,Lv8_07919_16db__0001,Lv8_07919_16db,UNSUPPORTED_SPACING_OFFSET_Q36,spacing_offset
M2,Lv8_07919_16db__0002,Lv8_07919_16db,UNSUPPORTED_SPACING_OFFSET_Q36,spacing_offset
M2,Lv8_07919_16db__0003,Lv8_07919_16db,UNSUPPORTED_SPACING_OFFSET_Q36,spacing_offset
M2,Lv8_07919_16db__0004,Lv8_07919_16db,UNSUPPORTED_SPACING_OFFSET_Q36,spacing_offset
M2,Lv8_07919_16db__0005,Lv8_07919_16db,UNSUPPORTED_SPACING_OFFSET_Q36,spacing_offset
M2,Lv8_07919_16db__0006,Lv8_07919_16db,UNSUPPORTED_SPACING_OFFSET_Q36,spacing_offset
M2,Lv8_07919_16db__0007,Lv8_07919_16db,UNSUPPORTED_SPACING_OFFSET_Q36,spacing_offset
M2,Lv8_07919_16db__0008,Lv8_07919_16db,UNSUPPORTED_SPACING_OFFSET_Q36,spacing_offset
M2,Lv8_07919_16db__0009,Lv8_07919_16db,UNSUPPORTED_SPACING_OFFSET_Q36,spacing_offset
M2,Lv8_07919_16db__0010,Lv8_07919_16db,UNSUPPORTED_SPACING_OFFSET_Q36,spacing_offset
M2,Lv8_07919_16db__0011,Lv8_07919_16db,UNSUPPORTED_SPACING_OFFSET_Q36,spacing_offset
M2,Lv8_07919_16db__0012,Lv8_07919_16db,UNSUPPORTED_SPACING_OFFSET_Q36,spacing_offset
M2,Lv8_07919_16db__0013,Lv8_07919_16db,UNSUPPORTED_SPACING_OFFSET_Q36,spacing_offset
M2,Lv8_07919_16db__0014,Lv8_07919_16db,UNSUPPORTED_SPACING_OFFSET_Q36,spacing_offset
M2,Lv8_07919_16db__0015,Lv8_07919_16db,UNSUPPORTED_SPACING_OFFSET_Q36,spacing_offset
M2,Lv8_07919_16db__0016,Lv8_07919_16db,UNSUPPORTED_SPACING_OFFSET_Q36,spacing_offset
M2,Lv8_07920_50db__0001,Lv8_07920_50db,UNSUPPORTED_SPACING_OFFSET_Q36,spacing_offset
M2,Lv8_07920_50db__0002,Lv8_07920_50db,UNSUPPORTED_SPACING_OFFSET_Q36,spacing_offset
M2,Lv8_07920_50db__0003,Lv8_07920_50db,UNSUPPORTED_SPACING_OFFSET_Q36,spacing_offset
M2,Lv8_07920_50db__0004,Lv8_07920_50db,UNSUPPORTED_SPACING_OFFSET_Q36,spacing_offset
M2,Lv8_07920_50db__0005,Lv8_07920_50db,UNSUPPORTED_SPACING_OFFSET_Q36,spacing_offset
M2,Lv8_07920_50db__0006,Lv8_07920_50db,UNSUPPORTED_SPACING_OFFSET_Q36,spacing_offset
M2,Lv8_07920_50db__0007,Lv8_07920_50db,UNSUPPORTED_SPACING_OFFSET_Q36,spacing_offset
M2,Lv8_07920_50db__0008,Lv8_07920_50db,UNSUPPORTED_SPACING_OFFSET_Q36,spacing_offset
M2,Lv8_07920_50db__0009,Lv8_07920_50db,UNSUPPORTED_SPACING_OFFSET_Q36,spacing_offset
M2,Lv8_07920_50db__0010,Lv8_07920_50db,UNSUPPORTED_SPACING_OFFSET_Q36,spacing_offset
M2,Lv8_07920_50db__0011,Lv8_07920_50db,UNSUPPORTED_SPACING_OFFSET_Q36,spacing_offset
M2,Lv8_07920_50db__0012,Lv8_07920_50db,UNSUPPORTED_SPACING_OFFSET_Q36,spacing_offset
M2,Lv8_07920_50db__0013,Lv8_07920_50db,UNSUPPORTED_SPACING_OFFSET_Q36,spacing_offset
M2,Lv8_07920_50db__0014,Lv8_07920_50db,UNSUPPORTED_SPACING_OFFSET_Q36,spacing_offset
M2,Lv8_07920_50db__0015,Lv8_07920_50db,UNSUPPORTED_SPACING_OFFSET_Q36,spacing_offset
M2,Lv8_07920_50db__0016,Lv8_07920_50db,UNSUPPORTED_SPACING_OFFSET_Q36,spacing_offset
M2,Lv8_07920_50db__0017,Lv8_07920_50db,UNSUPPORTED_SPACING_OFFSET_Q36,spacing_offset
M2,Lv8_07920_50db__0018,Lv8_07920_50db,UNSUPPORTED_SPACING_OFFSET_Q36,spacing_offset
M2,Lv8_07920_50db__0019,Lv8_07920_50db,UNSUPPORTED_SPACING_OFFSET_Q36,spacing_offset
M2,Lv8_07920_50db__0020,Lv8_07920_50db,UNSUPPORTED_SPACING_OFFSET_Q36,spacing_offset
M2,Lv8_07920_50db__0021,Lv8_07920_50db,UNSUPPORTED_SPACING_OFFSET_Q36,spacing_offset
M2,Lv8_07920_50db__0022,Lv8_07920_50db,UNSUPPORTED_SPACING_OFFSET_Q36,spacing_offset
M2,Lv8_07920_50db__0023,Lv8_07920_50db,UNSUPPORTED_SPACING_OFFSET_Q36,spacing_offset
M2,Lv8_07920_50db__0024,Lv8_07920_50db,UNSUPPORTED_SPACING_OFFSET_Q36,spacing_offset
M2,Lv8_07920_50db__0025,Lv8_07920_50db,UNSUPPORTED_SPACING_OFFSET_Q36,spacing_offset
M2,Lv8_07920_50db__0026,Lv8_07920_50db,UNSUPPORTED_SPACING_OFFSET_Q36,spacing_offset
M2,Lv8_07920_50db__0027,Lv8_07920_50db,UNSUPPORTED_SPACING_OFFSET_Q36,spacing_offset
M2,Lv8_07920_50db__0028,Lv8_07920_50db,UNSUPPORTED_SPACING_OFFSET_Q36,spacing_offset
M2,Lv8_07920_50db__0029,Lv8_07920_50db,UNSUPPORTED_SPACING_OFFSET_Q36,spacing_offset
M2,Lv8_07920_50db__0030,Lv8_07920_50db,UNSUPPORTED_SPACING_OFFSET_Q36,spacing_offset
M2,Lv8_07920_50db__0031,Lv8_07920_50db,UNSUPPORTED_SPACING_OFFSET_Q36,spacing_offset
M2,Lv8_07920_50db__0032,Lv8_07920_50db,UNSUPPORTED_SPACING_OFFSET_Q36,spacing_offset
M2,Lv8_07920_50db__0033,Lv8_07920_50db,UNSUPPORTED_SPACING_OFFSET_Q36,spacing_offset
M2,Lv8_07920_50db__0034,Lv8_07920_50db,UNSUPPORTED_SPACING_OFFSET_Q36,spacing_offset
M2,Lv8_07920_50db__0035,Lv8_07920_50db,UNSUPPORTED_SPACING_OFFSET_Q36,spacing_offset
M2,Lv8_07920_50db__0036,Lv8_07920_50db,UNSUPPORTED_SPACING_OFFSET_Q36,spacing_offset
M2,Lv8_07920_50db__0037,Lv8_07920_50db,UNSUPPORTED_SPACING_OFFSET_Q36,spacing_offset
M2,Lv8_07920_50db__0038,Lv8_07920_50db,UNSUPPORTED_SPACING_OFFSET_Q36,spacing_offset
M2,Lv8_07920_50db__0039,Lv8_07920_50db,UNSUPPORTED_SPACING_OFFSET_Q36,spacing_offset
M2,Lv8_07920_50db__0040,Lv8_07920_50db,UNSUPPORTED_SPACING_OFFSET_Q36,spacing_offset
M2,Lv8_07920_50db__0041,Lv8_07920_50db,UNSUPPORTED_SPACING_OFFSET_Q36,spacing_offset
M2,Lv8_07920_50db__0042,Lv8_07920_50db,UNSUPPORTED_SPACING_OFFSET_Q36,spacing_offset
M2,Lv8_07920_50db__0043,Lv8_07920_50db,UNSUPPORTED_SPACING_OFFSET_Q36,spacing_offset
M2,Lv8_07920_50db__0044,Lv8_07920_50db,UNSUPPORTED_SPACING_OFFSET_Q36,spacing_offset
M2,Lv8_07920_50db__0045,Lv8_07920_50db,UNSUPPORTED_SPACING_OFFSET_Q36,spacing_offset
M2,Lv8_07920_50db__0046,Lv8_07920_50db,UNSUPPORTED_SPACING_OFFSET_Q36,spacing_offset
M2,Lv8_07920_50db__0047,Lv8_07920_50db,UNSUPPORTED_SPACING_OFFSET_Q36,spacing_offset
M2,Lv8_07920_50db__0048,Lv8_07920_50db,UNSUPPORTED_SPACING_OFFSET_Q36,spacing_offset
M2,Lv8_07920_50db__0049,Lv8_07920_50db,UNSUPPORTED_SPACING_OFFSET_Q36,spacing_offset
M2,Lv8_07920_50db__0050,Lv8_07920_50db,UNSUPPORTED_SPACING_OFFSET_Q36,spacing_offset
M2,Lv8_07921_50db__0001,Lv8_07921_50db,UNSUPPORTED_SPACING_OFFSET_Q36,spacing_offset
M2,Lv8_07921_50db__0002,Lv8_07921_50db,UNSUPPORTED_SPACING_OFFSET_Q36,spacing_offset
M2,Lv8_07921_50db__0003,Lv8_07921_50db,UNSUPPORTED_SPACING_OFFSET_Q36,spacing_offset
M2,Lv8_07921_50db__0004,Lv8_07921_50db,UNSUPPORTED_SPACING_OFFSET_Q36,spacing_offset
M2,Lv8_07921_50db__0005,Lv8_07921_50db,UNSUPPORTED_SPACING_OFFSET_Q36,spacing_offset
M2,Lv8_07921_50db__0006,Lv8_07921_50db,UNSUPPORTED_SPACING_OFFSET_Q36,spacing_offset
M2,Lv8_07921_50db__0007,Lv8_07921_50db,UNSUPPORTED_SPACING_OFFSET_Q36,spacing_offset
M2,Lv8_07921_50db__0008,Lv8_07921_50db,UNSUPPORTED_SPACING_OFFSET_Q36,spacing_offset
M2,Lv8_07921_50db__0009,Lv8_07921_50db,UNSUPPORTED_SPACING_OFFSET_Q36,spacing_offset
M2,Lv8_07921_50db__0010,Lv8_07921_50db,UNSUPPORTED_SPACING_OFFSET_Q36,spacing_offset
M2,Lv8_07921_50db__0011,Lv8_07921_50db,UNSUPPORTED_SPACING_OFFSET_Q36,spacing_offset
M2,Lv8_07921_50db__0012,Lv8_07921_50db,UNSUPPORTED_SPACING_OFFSET_Q36,spacing_offset
M2,Lv8_07921_50db__0013,Lv8_07921_50db,UNSUPPORTED_SPACING_OFFSET_Q36,spacing_offset
M2,Lv8_07921_50db__0014,Lv8_07921_50db,UNSUPPORTED_SPACING_OFFSET_Q36,spacing_offset
M2,Lv8_07921_50db__0015,Lv8_07921_50db,UNSUPPORTED_SPACING_OFFSET_Q36,spacing_offset
M2,Lv8_07921_50db__0016,Lv8_07921_50db,UNSUPPORTED_SPACING_OFFSET_Q36,spacing_offset
M2,Lv8_07921_50db__0017,Lv8_07921_50db,UNSUPPORTED_SPACING_OFFSET_Q36,spacing_offset
M2,Lv8_07921_50db__0018,Lv8_07921_50db,UNSUPPORTED_SPACING_OFFSET_Q36,spacing_offset
M2,Lv8_07921_50db__0019,Lv8_07921_50db,UNSUPPORTED_SPACING_OFFSET_Q36,spacing_offset
M2,Lv8_07921_50db__0020,Lv8_07921_50db,UNSUPPORTED_SPACING_OFFSET_Q36,spacing_offset
M2,Lv8_07921_50db__0021,Lv8_07921_50db,UNSUPPORTED_SPACING_OFFSET_Q36,spacing_offset
M2,Lv8_07921_50db__0022,Lv8_07921_50db,UNSUPPORTED_SPACING_OFFSET_Q36,spacing_offset
M2,Lv8_07921_50db__0023,Lv8_07921_50db,UNSUPPORTED_SPACING_OFFSET_Q36,spacing_offset
M2,Lv8_07921_50db__0024,Lv8_07921_50db,UNSUPPORTED_SPACING_OFFSET_Q36,spacing_offset
M2,Lv8_07921_50db__0025,Lv8_07921_50db,UNSUPPORTED_SPACING_OFFSET_Q36,spacing_offset
M2,Lv8_07921_50db__0026,Lv8_07921_50db,UNSUPPORTED_SPACING_OFFSET_Q36,spacing_offset
M2,Lv8_07921_50db__0027,Lv8_07921_50db,UNSUPPORTED_SPACING_OFFSET_Q36,spacing_offset
M2,Lv8_07921_50db__0028,Lv8_07921_50db,UNSUPPORTED_SPACING_OFFSET_Q36,spacing_offset
M2,Lv8_07921_50db__0029,Lv8_07921_50db,UNSUPPORTED_SPACING_OFFSET_Q36,spacing_offset
M2,Lv8_07921_50db__0030,Lv8_07921_50db,UNSUPPORTED_SPACING_OFFSET_Q36,spacing_offset
M2,Lv8_07921_50db__0031,Lv8_07921_50db,UNSUPPORTED_SPACING_OFFSET_Q36,spacing_offset
M2,Lv8_07921_50db__0032,Lv8_07921_50db,UNSUPPORTED_SPACING_OFFSET_Q36,spacing_offset
M2,Lv8_07921_50db__0033,Lv8_07921_50db,UNSUPPORTED_SPACING_OFFSET_Q36,spacing_offset
M2,Lv8_07921_50db__0034,Lv8_07921_50db,UNSUPPORTED_SPACING_OFFSET_Q36,spacing_offset
M2,Lv8_07921_50db__0035,Lv8_07921_50db,UNSUPPORTED_SPACING_OFFSET_Q36,spacing_offset
M2,Lv8_07921_50db__0036,Lv8_07921_50db,UNSUPPORTED_SPACING_OFFSET_Q36,spacing_offset
M2,Lv8_07921_50db__0037,Lv8_07921_50db,UNSUPPORTED_SPACING_OFFSET_Q36,spacing_offset
M2,Lv8_07921_50db__0038,Lv8_07921_50db,UNSUPPORTED_SPACING_OFFSET_Q36,spacing_offset
M2,Lv8_07921_50db__0039,Lv8_07921_50db,UNSUPPORTED_SPACING_OFFSET_Q36,spacing_offset
M2,Lv8_07921_50db__0040,Lv8_07921_50db,UNSUPPORTED_SPACING_OFFSET_Q36,spacing_offset
M2,Lv8_07921_50db__0041,Lv8_07921_50db,UNSUPPORTED_SPACING_OFFSET_Q36,spacing_offset
M2,Lv8_07921_50db__0042,Lv8_07921_50db,UNSUPPORTED_SPACING_OFFSET_Q36,spacing_offset
M2,Lv8_07921_50db__0043,Lv8_07921_50db,UNSUPPORTED_SPACING_OFFSET_Q36,spacing_offset
M2,Lv8_07921_50db__0044,Lv8_07921_50db,UNSUPPORTED_SPACING_OFFSET_Q36,spacing_offset
M2,Lv8_07921_50db__0045,Lv8_07921_50db,UNSUPPORTED_SPACING_OFFSET_Q36,spacing_offset
M2,Lv8_07921_50db__0046,Lv8_07921_50db,UNSUPPORTED_SPACING_OFFSET_Q36,spacing_offset
M2,Lv8_07921_50db__0047,Lv8_07921_50db,UNSUPPORTED_SPACING_OFFSET_Q36,spacing_offset
M2,Lv8_07921_50db__0048,Lv8_07921_50db,UNSUPPORTED_SPACING_OFFSET_Q36,spacing_offset
M2,Lv8_07921_50db__0049,Lv8_07921_50db,UNSUPPORTED_SPACING_OFFSET_Q36,spacing_offset
M2,Lv8_07921_50db__0050,Lv8_07921_50db,UNSUPPORTED_SPACING_OFFSET_Q36,spacing_offset
M2,LV8_00035_28db_M__0007,LV8_00035_28db_M,STOCK_EXHAUSTED_PARTIAL,stock_capacity
M2,LV8_00035_28db_M__0009,LV8_00035_28db_M,STOCK_EXHAUSTED_PARTIAL,stock_capacity
M2,LV8_00035_28db_M__0024,LV8_00035_28db_M,STOCK_EXHAUSTED_PARTIAL,stock_capacity
M2,LV8_00057-2_20db__0003,LV8_00057-2_20db,STOCK_EXHAUSTED_PARTIAL,stock_capacity
M2,LV8_00057-2_20db__0005,LV8_00057-2_20db,STOCK_EXHAUSTED_PARTIAL,stock_capacity
M2,LV8_00057-2_20db__0013,LV8_00057-2_20db,STOCK_EXHAUSTED_PARTIAL,stock_capacity
M2,LV8_00057-2_20db__0018,LV8_00057-2_20db,STOCK_EXHAUSTED_PARTIAL,stock_capacity
M2,LV8_01170_10db__0001,LV8_01170_10db,STOCK_EXHAUSTED_PARTIAL,stock_capacity
M2,LV8_01170_10db__0002,LV8_01170_10db,STOCK_EXHAUSTED_PARTIAL,stock_capacity
M2,LV8_01170_10db__0005,LV8_01170_10db,STOCK_EXHAUSTED_PARTIAL,stock_capacity
M2,LV8_01170_10db__0006,LV8_01170_10db,STOCK_EXHAUSTED_PARTIAL,stock_capacity
M2,LV8_01170_10db__0007,LV8_01170_10db,STOCK_EXHAUSTED_PARTIAL,stock_capacity
M2,LV8_01170_10db__0009,LV8_01170_10db,STOCK_EXHAUSTED_PARTIAL,stock_capacity
M2,LV8_02048_20db_L__0002,LV8_02048_20db_L,STOCK_EXHAUSTED_PARTIAL,stock_capacity
M2,LV8_02048_20db_L__0014,LV8_02048_20db_L,STOCK_EXHAUSTED_PARTIAL,stock_capacity
M2,LV8_02048_20db_L__0015,LV8_02048_20db_L,STOCK_EXHAUSTED_PARTIAL,stock_capacity
M2,LV8_02048_20db_L__0020,LV8_02048_20db_L,STOCK_EXHAUSTED_PARTIAL,stock_capacity
M2,LV8_02049_50db__0011,LV8_02049_50db,STOCK_EXHAUSTED_PARTIAL,stock_capacity
M2,LV8_02049_50db__0032,LV8_02049_50db,STOCK_EXHAUSTED_PARTIAL,stock_capacity
M2,LV8_02049_50db__0040,LV8_02049_50db,STOCK_EXHAUSTED_PARTIAL,stock_capacity
M2,Lv8_10059_10db__0008,Lv8_10059_10db,STOCK_EXHAUSTED_PARTIAL,stock_capacity
M2,Lv8_11612_6db__0001,Lv8_11612_6db,STOCK_EXHAUSTED_PARTIAL,stock_capacity
M2,Lv8_11612_6db__0002,Lv8_11612_6db,STOCK_EXHAUSTED_PARTIAL,stock_capacity
M2,Lv8_11612_6db__0003,Lv8_11612_6db,STOCK_EXHAUSTED_PARTIAL,stock_capacity
M2,Lv8_11612_6db__0004,Lv8_11612_6db,STOCK_EXHAUSTED_PARTIAL,stock_capacity
M2,Lv8_11612_6db__0005,Lv8_11612_6db,STOCK_EXHAUSTED_PARTIAL,stock_capacity
M2,Lv8_11612_6db__0006,Lv8_11612_6db,STOCK_EXHAUSTED_PARTIAL,stock_capacity
M2,Lv8_15348_6db_GRAVIR__0001,Lv8_15348_6db_GRAVIR,STOCK_EXHAUSTED_PARTIAL,stock_capacity
M2,Lv8_15348_6db_GRAVIR__0002,Lv8_15348_6db_GRAVIR,STOCK_EXHAUSTED_PARTIAL,stock_capacity
M2,Lv8_15348_6db_GRAVIR__0003,Lv8_15348_6db_GRAVIR,STOCK_EXHAUSTED_PARTIAL,stock_capacity
M2,Lv8_15348_6db_GRAVIR__0004,Lv8_15348_6db_GRAVIR,STOCK_EXHAUSTED_PARTIAL,stock_capacity
M2,Lv8_15348_6db_GRAVIR__0005,Lv8_15348_6db_GRAVIR,STOCK_EXHAUSTED_PARTIAL,stock_capacity
M2,Lv8_15348_6db_GRAVIR__0006,Lv8_15348_6db_GRAVIR,STOCK_EXHAUSTED_PARTIAL,stock_capacity
M2,Lv8_15435_10db__0001,Lv8_15435_10db,STOCK_EXHAUSTED_PARTIAL,stock_capacity
M2,Lv8_15435_10db__0003,Lv8_15435_10db,STOCK_EXHAUSTED_PARTIAL,stock_capacity
M2,Lv8_15435_10db__0006,Lv8_15435_10db,STOCK_EXHAUSTED_PARTIAL,stock_capacity
M2,Lv8_15435_10db__0007,Lv8_15435_10db,STOCK_EXHAUSTED_PARTIAL,stock_capacity
M2,Lv8_15435_10db__0010,Lv8_15435_10db,STOCK_EXHAUSTED_PARTIAL,stock_capacity
